id;name;address;branch;brnach_code;email;company_type_id;image_url;contact_no;last_modified;last_modified_by
1;withdrawal;Infrastructure enterprise Down-sized;Montana;Home transmitting synthesizing;Calista15@gmail.com;49303;Rubber Metal homogeneous;Saint;Lead digital;evolve
2;copy quantifying;FTP;PCI throughput;Implemented Markets Club;Kariane.Wisozk@hotmail.com;2234;Frozen programming Team-oriented;cross-platform Wooden;Faso Salad;Avon methodologies Fish
3;Home;Corporate;Tasty;Franc Account;Jana_Osinski37@hotmail.com;2612;optical;Sleek;communities Fundamental Multi-layered;invoice quantify encryption
4;bluetooth navigate Minnesota;Checking;European olive Strategist;Pataca Operative;Duane_Zemlak@gmail.com;81678;methodology;Bermuda;Future transform;Sudan COM
5;Garden Colorado;transmitting Dollar;matrix compress;engage calculating array;Anna_Dietrich20@gmail.com;2341;Intelligent backing deposit;Electronics Web Money;mindshare;payment Orchestrator Liaison
6;Haven Bike 24/7;quantifying Auto;Awesome Outdoors Central;Cotton;Levi.Yost81@hotmail.com;32692;deposit program;Salad benchmark;withdrawal Licensed;tangible
7;Avon;system Falls;hacking;Forward Rubber PCI;Mateo.Mosciski69@gmail.com;28580;View Small;Sierra;transparent;neural-net
8;Awesome haptic;invoice;Account Pula Guinea;Greenland;Ricky_Halvorson14@yahoo.com;31870;Frozen;Extension Summit Refined;invoice;neural radical frictionless
9;user-centric;Territory calculate Rubber;sticky;coherent Gloves Barbados;Orland88@gmail.com;65691;Legacy;Virginia plug-and-play;Chief;synergy deploy
10;Managed;PNG wireless Facilitator;strategy Account Money;silver navigate Jamaica;Emerson20@gmail.com;36766;Quality;exuding vertical;plum Fresh input;Engineer
