id;name;last_modified;last_modified_by
1;Fantastic maximized Market;Creative;Rubber Shirt
2;pink Administrator Designer;state copying;Concrete Planner
3;Personal Card bricks-and-clicks;index;Fresh
4;Rustic client-server panel;PCI Electronics Refined;Profound capacitor
5;solution deposit Illinois;generating Keyboard cutting-edge;magenta fuchsia
6;Hryvnia;Music Granite state;primary Handmade Soft
7;benchmark;Facilitator unleash paradigms;Books collaborative Markets
8;extensible JSON Outdoors;didactic Adaptive array;Illinois
9;Berkshire;Director;secured
10;Music optimal Florida;Steel deploy Buckinghamshire;interface
