id;name;age;relation;contact_no;last_modified;last_modified_by
1;90943;35814;asymmetric Response;12672;Corporate Intranet AGP;Ecuador
2;50299;75271;bandwidth-monitored Crossroad purple;50495;Beauty Awesome Islands;Optimization Computer
3;54869;5214;West;93734;Wooden Practical feed;Stream Niue circuit
4;47359;4107;Automotive payment;88466;North Brand bleeding-edge;Keyboard Integration
5;22885;25699;Metal Developer e-business;65154;monitor;International Practical Keyboard
6;18764;89222;Mouse logistical Specialist;85295;Ohio;cross-platform Mauritania Garden
7;13833;48426;Carolina Fresh;11178;Music 1080p;deposit Keyboard killer
8;13067;7504;International;25193;optical;Cotton
9;58591;25273;software deposit Communications;70839;generate Bedfordshire;Berkshire Supervisor Internal
10;34321;56524;Regional Account;45393;paradigms;Bahraini Up-sized
