id;name;relation;nominee_percentage;contact_no;last_modified;last_modified_by
1;13537;Flat;49708;63366;Fantastic US;Extended Leu
2;10123;hacking;80410;89480;Dollar Cayman;Metal Unbranded
3;70765;Borders driver;21257;49784;circuit Turnpike;Seamless reboot Refined
4;71791;matrix;92203;3123;Uzbekistan Delaware virtual;attitude quantifying Rubber
5;53861;teal Refined;5961;65005;Malaysia;Man ivory
6;35954;boliviano niches Multi-channelled;78061;9673;transition fuchsia Points;Incredible
7;11800;XML pink;11892;86613;hacking Refined Valleys;extranet Ball ADP
8;60969;Cheese Rustic Handcrafted;45053;99300;Soap Iowa;array Keys
9;69527;online;37671;8619;parsing azure;Bahrain
10;1843;incentivize navigate Unbranded;36004;45890;parse;XSS Leone Steel
