id;details;featurs;activation_date;last_modified;last_modified_by
1;24/365;payment;niches;Sausages compelling Nevada;1080p
2;Savings Creek;Optimization Investor hacking;Metal integrated virtual;Investment Rubber;Specialist Buckinghamshire
3;Small;Avon;Granite withdrawal payment;Tenge Handmade Oklahoma;Ergonomic Planner
4;deliverables Path;Soft Buckinghamshire JSON;connecting transmitter Outdoors;Director impactful;panel
5;Supervisor Guyana calculating;Wisconsin;pixel;responsive;Steel line Unbranded
6;collaborative;Belgium Infrastructure well-modulated;back-end architecture plug-and-play;Botswana interface;navigating Wooden navigate
7;Account lavender orchestration;open-source Dollar;mobile Lead e-markets;Ukraine mission-critical;capability Borders
8;Licensed Soft withdrawal;deposit Loan;monitor olive Rubber;Massachusetts Security 24/365;Global Licensed
9;Arkansas quantify;orchestrate;Tennessee Home;Lev Credit;Auto Ergonomic
10;Movies;Branding;convergence;program invoice Junctions;Loan South
