id;name;comm_date;sum;term;ppt;premium;last_modified;last_modified_by
1;invoice;Dalasi indexing;Triple-buffered Sausages;Money Suriname generating;Shoes Assistant;24296;Licensed Wyoming transform;Liaison
2;deposit global;wireless GB;Generic;client-driven;Granite Way challenge;93589;systematic Crest Handcrafted;moderator
3;Soap fuchsia invoice;calculating Avon architecture;Auto portal Borders;Investment;connecting;93774;Associate Senior;web-enabled
4;alarm;silver;Intranet XSS;reboot auxiliary;state Borders turn-key;56863;digital program;York back-end
5;contextually-based De-engineered;Investor;Concrete Convertible calculating;HDD facilitate override;Garden Advanced firmware;73970;copying infrastructures compressing;Cook
6;productize Money;Ball Gibraltar;withdrawal models;B2B;Managed Frozen;11701;reboot;protocol viral deposit
7;Personal;Ukraine Managed Engineer;withdrawal;Architect UIC-Franc Unbranded;Interactions Mouse;71826;Won cohesive;Bedfordshire FTP Orchestrator
8;Ergonomic Fresh;quantifying world-class pixel;Dollar;array;Identity integrate;54164;Soap Delaware mission-critical;auxiliary Directives copy
9;Angola;Sleek Djibouti;withdrawal Cameroon Tasty;Berkshire yellow Focused;Cambridgeshire;75206;frame connect;Gorgeous Peso Baby
10;quantifying state CSS;payment;solutions Sterling Islands;Rustic Gloves;architecture Chips schemas;82465;Denar invoice;Unbranded 1080p
