id;first_name;last_name;designation;login;password_hash;email;image_url;activated;lang_key;activation_key;reset_key;reset_date;mobile_no;one_time_password;otp_expiry_time;last_modified;last_modified_by
1;Dejon;Crona;Electronics array Ethiopia;Towels Ethiopian;Architect Marketing;Lindsay44@hotmail.com;Rubber tolerance Tasty;true;Cambridgeshire connect;input;digital portal;SMS Handmade;Beauty Quality-focused Books;time-frame Devolved;Handcrafted Licensed;Buckinghamshire Product;Automotive
2;Virginia;Turner;Freeway Liaison;Isle;Unbranded;Maximillian73@hotmail.com;Mouse Forward Concrete;false;engage Avon;Dynamic Harbor Delaware;Home Virginia;Upgradable Bypass;synthesize;installation web-readiness Pizza;next;demand-driven emulation;Down-sized
3;Danny;Borer;array;Investor calculating;Ecuador Missouri withdrawal;Zetta44@hotmail.com;Massachusetts seamless;false;silver Sausages Lead;hacking Mouse Fantastic;Hill navigating intangible;Dakota;convergence;card;Liaison Zimbabwe;Tools Cambridgeshire Research;Terrace
4;Dorcas;Cartwright;Guernsey;syndicate synergies;Account;Patricia_Krajcik@gmail.com;Plastic architectures;false;convergence;Village conglomeration;Future orchid Concrete;hard payment;networks Oro Car;SSL CSS Oman;revolutionary;Division bypass;National
5;Vaughn;Huels;intermediate Chief value-added;program Roads morph;Program;Katharina_Schamberger@gmail.com;Customer Marketing bypass;true;deposit Seychelles;Balanced;Philippine;Sleek Handmade Account;Cambridgeshire quantifying;Direct generate frictionless;Run Metrics redundant;Configuration Savings;Dollar
6;Viva;Walter;Avon Dirham infomediaries;CSS Health;Global Director enhance;Kellie.Kunde@hotmail.com;e-commerce Product;false;Idaho technologies payment;Devolved reintermediate;orchid client-server International;Fresh;system Wooden;Oklahoma;platforms Unbranded;Accounts;withdrawal
7;Neal;Erdman;SAS;Investment Soap;secondary;Jane.MacGyver23@yahoo.com;encompassing connect deposit;false;Burgs index set;Lebanon Rwanda;Rustic;Wyoming;service-desk feed Senior;algorithm Internal Cambridgeshire;Fish sensor Adaptive;Dollar invoice Stravenue;red virtual paradigms
8;Kiel;Ernser;Utah reboot compelling;Borders;program;Chasity_Schuster@yahoo.com;protocol;false;Implementation;Mouse transform;system Lock;programming;Texas Jersey;experiences Plastic black;vortals holistic Steel;Consultant aggregate;fuchsia
9;Della;Jakubowski;value-added;parse scalable;networks;Robin_Hilll@gmail.com;Ethiopia bluetooth;true;archive Handmade;withdrawal user Shoes;Libyan Account;digital Associate;Automotive Branding;Oklahoma website niches;indexing;deposit interfaces;SAS Metal
10;Rossie;Keebler;Agent frictionless connecting;Internal;Franc Product;Raven.Heller52@gmail.com;Granite Fresh;true;Gorgeous Oregon hierarchy;Sports firewall Integration;primary Utah Account;Industrial North;District cross-platform;empowering;Handcrafted Auto Cross-platform;Hat Lead;Avon payment Fish
